"show_id","type","title","director","cast","country","date_added","release_year","rating","duration","listed_in","description"
"s8","Movie","Sankofa","Haile Gerima","Kofi Ghanaba, Oyafunmike Ogunlano, Alexandra Duah, Nick Medley, Mutabaruka, Afemo Omilami, Reggie Carter, Mzuri","United States, Ghana, Burkina Faso, United Kingdom, Germany, Ethiopia","2021-09-24 00:00:00.000",1993,"TV-MA","125 min","Dramas, Independent Movies, International Movies","On a photo shoot in Ghana, an American model slips back in time, becomes enslaved on a plantation and bears witness to the agony of her ancestral past."
"s23","Movie","Avvai Shanmughi","K.S. Ravikumar","Kamal Hassan, Meena, Gemini Ganesan, Heera Rajgopal, Nassar, S.P. Balasubrahmanyam","Unknown Country","2021-09-21 00:00:00.000",1996,"TV-PG","161 min","Comedies, International Movies","Newly divorced and denied visitation rights with his daughter, a doting father disguises himself as a gray-haired nanny in order to spend time with her."
"s25","Movie","Jeans","S. Shankar","Prashanth, Aishwarya Rai Bachchan, Sri Lakshmi, Nassar","India","2021-09-21 00:00:00.000",1998,"TV-14","166 min","Comedies, International Movies, Romantic Movies","When the father of the man she loves insists that his twin sons marry twin sisters, a woman creates an alter ego that might be a bit too convincing."
"s27","Movie","Minsara Kanavu","Rajiv Menon","Arvind Swamy, Kajol, Prabhu Deva, Nassar, S.P. Balasubrahmanyam, Girish Karnad","Unknown Country","2021-09-21 00:00:00.000",1997,"TV-PG","147 min","Comedies, International Movies, Music & Musicals","A tangled love triangle ensues when a man falls for a woman studying to become a nun — and she falls for the friend he enlists to help him pursue her."
"s42","Movie","Jaws","Steven Spielberg","Roy Scheider, Robert Shaw, Richard Dreyfuss, Lorraine Gary, Murray Hamilton, Carl Gottlieb, Jeffrey Kramer, Susan Backlinie, Jonathan Filley, Ted Grossman","United States","2021-09-16 00:00:00.000",1975,"PG","124 min","Action & Adventure, Classic Movies, Dramas","When an insatiable great white shark terrorizes Amity Island, a police chief, an oceanographer and a grizzled shark hunter seek to destroy the beast."
"s43","Movie","Jaws 2","Jeannot Szwarc","Roy Scheider, Lorraine Gary, Murray Hamilton, Joseph Mascolo, Jeffrey Kramer, Collin Wilcox Paxton, Ann Dusenberry, Mark Gruner, Barry Coe, Susan French","United States","2021-09-16 00:00:00.000",1978,"PG","116 min","Dramas, Horror Movies, Thrillers","Four years after the last deadly shark attacks, police chief Martin Brody fights to protect Amity Island from another killer great white."
"s44","Movie","Jaws 3","Joe Alves","Dennis Quaid, Bess Armstrong, Simon MacCorkindale, Louis Gossett Jr., John Putch, Lea Thompson, P.H. Moriarty, Dan Blasko, Liz Morris, Lisa Maurer","United States","2021-09-16 00:00:00.000",1983,"PG","98 min","Action & Adventure, Horror Movies, Thrillers","After the staff of a marine theme park try to capture a young great white shark, they discover its mother has invaded the enclosure and is out for blood."
"s45","Movie","Jaws: The Revenge","Joseph Sargent","Lorraine Gary, Lance Guest, Mario Van Peebles, Karen Young, Michael Caine, Judith Barsi, Mitchell Anderson, Lynn Whitfield","United States","2021-09-16 00:00:00.000",1987,"PG-13","91 min","Action & Adventure, Horror Movies, Thrillers","After another deadly shark attack, Ellen Brody has had enough of Amity Island and moves to the Caribbean – but a great white shark follows her there."
"s49","Movie","Training Day","Antoine Fuqua","Denzel Washington, Ethan Hawke, Scott Glenn, Tom Berenger, Harris Yulin, Raymond J. Barry, Cliff Curtis, Dr. Dre, Snoop Dogg, Macy Gray, Eva Mendes","United States","2021-09-16 00:00:00.000",2001,"R","122 min","Dramas, Thrillers","A rookie cop with one day to prove himself to a veteran LAPD narcotics officer receives a crash course in his mentor's questionable brand of justice."
"s52","Movie","InuYasha the Movie 2: The Castle Beyond the Looking Glass","Toshiya Shinohara","Kappei Yamaguchi, Satsuki Yukino, Mieko Harada, Koji Tsujitani, Houko Kuwashima, Kumiko Watanabe, Noriko Hidaka, Kenichi Ogata, Toshiyuki Morikawa, Izumi Ogami","Japan","2021-09-15 00:00:00.000",2002,"TV-14","99 min","Action & Adventure, Anime Features, International Movies","With their biggest foe seemingly defeated, InuYasha and his friends return to everyday life. But the peace is soon shattered by an emerging new enemy."
"s53","Movie","InuYasha the Movie 3: Swords of an Honorable Ruler","Toshiya Shinohara","Kappei Yamaguchi, Satsuki Yukino, Koji Tsujitani, Houko Kuwashima, Kumiko Watanabe, Ken Narita, Akio Otsuka, Kikuko Inoue","Japan","2021-09-15 00:00:00.000",2003,"TV-14","99 min","Action & Adventure, Anime Features, International Movies","The Great Dog Demon beaqueathed one of the Three Swords of the Fang to each of his two sons. Now the evil power of the third sword has been awakened."
"s55","Movie","InuYasha the Movie: Affections Touching Across Time","Toshiya Shinohara","Kappei Yamaguchi, Satsuki Yukino, Koji Tsujitani, Houko Kuwashima, Kumiko Watanabe, Kenichi Ogata, Noriko Hidaka, Hisako Kyoda, Ken Narita, Tomokazu Seki","Japan","2021-09-15 00:00:00.000",2001,"TV-PG","100 min","Action & Adventure, Anime Features, International Movies","A powerful demon has been sealed away for 200 years. But when the demon's son is awakened, the fate of the world is in jeopardy."
"s68","TV Show","Saved by the Bell","Unknown Director","Mark-Paul Gosselaar, Tiffani Thiessen, Mario Lopez, Lark Voorhies, Elizabeth Berkley, Dustin Diamond, Dennis Haskins","United States","2021-09-15 00:00:00.000",1994,"TV-PG","9 Seasons","Kids' TV, TV Comedies","From middle school to college, best friends Zack, Kelly, Slater, Jessie, Screech and Lisa take on the highs and lows of life together in this hit series."
"s115","Movie","Anjaam","Rahul Rawail","Madhuri Dixit, Shah Rukh Khan, Tinnu Anand, Johny Lever, Kalpana Iyer, Himani Shivpuri, Sudha Chandran, Beena, Kiran Kumar","India","2021-09-02 00:00:00.000",1994,"TV-14","143 min","Dramas, International Movies, Thrillers","A wealthy industrialist’s dangerous obsession with a flight attendant destroys her world, until she takes matters into her own hands to exact revenge."
"s123","Movie","In the Cut","Jane Campion","Meg Ryan, Mark Ruffalo, Jennifer Jason Leigh, Nick Damici, Sharrieff Pugh, Kevin Bacon, Yaani King Mondschein, Heather Litteer","United Kingdom, Australia, France, United States","2021-09-02 00:00:00.000",2003,"R","118 min","Thrillers","After embarking on an affair with the cop probing the murder of a young woman, an insular schoolteacher suspects her lover was involved in the crime."
"s132","Movie","Blade Runner: The Final Cut","Ridley Scott","Harrison Ford, Rutger Hauer, Sean Young, Edward James Olmos, M. Emmet Walsh, Daryl Hannah, William Sanderson, Brion James, Joe Turkel, Joanna Cassidy, James Hong, Morgan Paull","United States","2021-09-01 00:00:00.000",1982,"R","117 min","Action & Adventure, Classic Movies, Cult Movies","In a smog-choked dystopian Los Angeles, blade runner Rick Deckard is called out of retirement to snuff a quartet of escaped ""replicants."""
"s135","Movie","Clear and Present Danger","Phillip Noyce","Harrison Ford, Willem Dafoe, Anne Archer, Joaquim de Almeida, Henry Czerny, Harris Yulin, Donald Moffat, Miguel Sandoval, Benjamin Bratt, Dean Jones, Thora Birch, James Earl Jones, Raymond Cruz","United States, Mexico","2021-09-01 00:00:00.000",1994,"PG-13","142 min","Action & Adventure, Dramas","When the president's friend is murdered, CIA Deputy Director Jack Ryan becomes unwittingly involved in an illegal war against a Colombian drug cartel."
"s136","Movie","Cliffhanger","Renny Harlin","Sylvester Stallone, John Lithgow, Michael Rooker, Janine Turner, Rex Linn, Caroline Goodall, Leon, Craig Fairbrass, Ralph Waite, Max Perlich, Paul Winfield","United States, Italy, France, Japan","2021-09-01 00:00:00.000",1993,"R","113 min","Action & Adventure","Ranger Gabe Walker and his partner are called to rescue a group of stranded climbers, only to learn the climbers are actually thieving hijackers."
"s137","Movie","Cold Mountain","Anthony Minghella","Jude Law, Nicole Kidman, Renée Zellweger, Eileen Atkins, Brendan Gleeson, Philip Seymour Hoffman, Natalie Portman, Giovanni Ribisi, Donald Sutherland, Ray Winstone","United States, Italy, Romania, United Kingdom","2021-09-01 00:00:00.000",2003,"R","154 min","Dramas, Romantic Movies","This drama follows a wounded Civil War soldier making the long journey home, while his faraway love fights for survival on her deceased father's farm."
"s138","Movie","Crocodile Dundee in Los Angeles","Simon Wincer","Paul Hogan, Linda Kozlowski, Jere Burns, Jonathan Banks, Aida Turturro, Alec Wilson, Gerry Skilton, Steve Rackman, Serge Cockburn, Paul Rodriguez, Mark Adair-Rios, Tiriel Mora, Grant Piro, Mike Tyson","Australia, United States","2021-09-01 00:00:00.000",2001,"PG","95 min","Action & Adventure, Comedies","When Mick ""Crocodile"" Dundee and his family land in Los Angeles, they soon learn some lessons about American life in this comedy sequel."
"s140","Movie","Do the Right Thing","Spike Lee","Danny Aiello, Ossie Davis, Ruby Dee, Richard Edson, Giancarlo Esposito, Spike Lee, Bill Nunn, John Turturro, Paul Benjamin, Frankie Faison, Samuel L. Jackson, Rosie Perez, Martin Lawrence, Miguel Sandoval","United States","2021-09-01 00:00:00.000",1989,"R","120 min","Classic Movies, Comedies, Dramas","On a sweltering day in Brooklyn, simmering racial tensions between residents rise to the surface and ignite rage, violence and tragedy."
"s145","Movie","House Party","Reginald Hudlin","Christopher Reid, Christopher Martin, Robin Harris, Tisha Campbell, A.J. Johnson, Martin Lawrence, Paul Anthony, Bowlegged Lou, B-Fine, Edith Fields, Kelly Jo Minter, Clifton Powell, Verda Bridges","United States","2021-09-01 00:00:00.000",1990,"R","104 min","Comedies, Cult Movies","Grounded by his strict father, Kid risks life and limb to go to his best friend Play's big bash but experiences one obstacle after another."
"s146","Movie","House Party 2","George Jackson, Doug McHenry","Christopher Reid, Christopher Martin, Martin Lawrence, Bowlegged Lou, Paul Anthony, B-Fine, Tisha Campbell, Kamron, Iman, Queen Latifah","United States","2021-09-01 00:00:00.000",1991,"R","94 min","Comedies, Cult Movies, Music & Musicals","Kid goes off to college with scholarship money but when Play loses Kid's tuition funds to a shady music promoter, they devise a wild plan to raise cash."
"s147","Movie","House Party 3","Eric Meza","Christopher Reid, Christopher Martin, Tisha Campbell, David Edwards, Angela Means, Ketty Lester, Bernie Mac, Michael Colyar, Chris Tucker, Khandi Alexander","United States","2021-09-01 00:00:00.000",1994,"R","94 min","Comedies, Music & Musicals","After Kid gets engaged, Play plans to throw the biggest bachelor party ever. But every celebration for these two always comes with complications."
"s150","Movie","I Got the Hook Up","Michael Martin","Master P, Anthony Johnson, Gretchen Palmer, Frantz Turner, Richard Keats, Joe Estevez, William Knight, Anthony Boswell, Tommy 'Tiny' Lister, Helen Martin, John Witherspoon, Mia X","United States","2021-09-01 00:00:00.000",1998,"R","93 min","Action & Adventure, Comedies","After getting their hands on a misdirected shipment of cell phones, two hustlers try to cash in by hawking the merchandise from the back of their van."
"s151","Movie","In Too Deep","Michael Rymer","Omar Epps, LL Cool J, Nia Long, Stanley Tucci, Pam Grier, Hill Harper, Jake Weber, David Patrick Kelly, Veronica Webb, Ron Canada, Robert LaSardo, Gano Grills, Ivonne Coll, Don Harvey, Mya, Nasir 'Nas' Jones, Jermaine Dupri","United States","2021-09-01 00:00:00.000",1999,"R","97 min","Thrillers","Rookie cop Jeffrey Cole poses as a drug dealer to take down a crime lord and soon gets caught up in an underworld of bribery, intimidation and murder."
"s156","Movie","Labyrinth","Jim Henson","David Bowie, Jennifer Connelly, Frank Oz, Kevin Clash, Anthony Asbury, Dave Goelz, Brian Henson, Ron Mueck, Karen Prell, Shari Weiser","United Kingdom, United States","2021-09-01 00:00:00.000",1986,"PG","101 min","Action & Adventure, Children & Family Movies, Cult Movies","In Jim Henson's fantasy, teen Sarah embarks on a life-altering quest to rescue her little brother from the clutches of a treacherous goblin."
"s159","Movie","Love Don't Cost a Thing","Troy Byer","Nick Cannon, Christina Milian, Kenan Thompson, Kal Penn, Steve Harvey, Al Thompson, Ashley Monique Clark, Elimu Nelson, Nichole Robinson, Melissa Schuman","United States","2021-09-01 00:00:00.000",2003,"PG-13","101 min","Comedies, Romantic Movies","A nerdy teen tries to make himself cool by association when he convinces a popular cheerleader to pose as his girlfriend."
"s161","TV Show","Major Dad","Unknown Director","Gerald McRaney, Shanna Reed, Nicole Dubuc, Chelsea Hertford, Marisa Ryan, Matt Mulhern, Beverly Archer, Jon Cypher","United States","2021-09-01 00:00:00.000",1992,"TV-PG","4 Seasons","TV Comedies","When he marries a journalist and becomes stepdad to her daughters, a U.S. Marine finds his once-orderly life no longer entirely under his command."
"s162","Movie","Mars Attacks!","Tim Burton","Jack Nicholson, Glenn Close, Annette Bening, Pierce Brosnan, Danny DeVito, Martin Short, Sarah Jessica Parker, Michael J. Fox, Rod Steiger, Tom Jones, Lukas Haas, Natalie Portman","United States","2021-09-01 00:00:00.000",1996,"PG-13","106 min","Comedies, Cult Movies, Sci-Fi & Fantasy","As flying saucers head for Earth, the president of the United States prepares to welcome alien visitors but soon learns they're not coming in peace."
"s164","Movie","My Boss's Daughter","David Zucker","Ashton Kutcher, Tara Reid, Jeffrey Tambor, Andy Richter, Michael Madsen, Jon Abrahams, David Koechner, Carmen Electra, Kenan Thompson, Terence Stamp, Molly Shannon","United States","2021-09-01 00:00:00.000",2003,"R","86 min","Comedies, Romantic Movies","A young man house-sits for his mean boss, hoping to use it as an opportunity to win the heart of the boss's daughter, on whom he's long had a crush."
"s165","Movie","Mystery Men","Kinka Usher","Ben Stiller, Hank Azaria, William H. Macy, Janeane Garofalo, Kel Mitchell, Paul Reubens, Wes Studi, Greg Kinnear, Geoffrey Rush, Lena Olin, Eddie Izzard, Artie Lange, Pras, Claire Forlani, Tom Waits","United States","2021-09-01 00:00:00.000",1999,"PG-13","121 min","Action & Adventure, Comedies","A team of far-from-super heroes try to earn respect by springing into action when brave and dashing Captain Amazing disappears."
"s167","Movie","Once Upon a Time in America","Sergio Leone","Robert De Niro, James Woods, Elizabeth McGovern, Treat Williams, Tuesday Weld, Burt Young, Joe Pesci, Danny Aiello, William Forsythe, James Hayden","Italy, United States","2021-09-01 00:00:00.000",1984,"R","229 min","Classic Movies, Dramas","Director Sergio Leone's sprawling crime epic follows a group of Jewish mobsters who rise in the ranks of organized crime in 1920s New York City."
"s169","Movie","Osmosis Jones","Bobby Farrelly, Peter Farrelly","Chris Rock, Laurence Fishburne, David Hyde Pierce, Brandy Norwood, William Shatner, Ron Howard, Kid Rock, Ben Stein","United States","2021-09-01 00:00:00.000",2001,"PG","95 min","Action & Adventure, Children & Family Movies, Comedies","Peter and Bobby Farrelly outdo themselves with this partially animated tale about an out-of-shape 40-year-old man who's the host to various organisms."
"s171","Movie","Rhyme & Reason","Peter Spirer","Too $hort, B-Real, Kurtis Blow, Da Brat, Grandmaster Caz, Sean ""P. Diddy"" Combs, Chuck D., Desiree Densiti, Dr. Dre, E-40, MC Eiht, Heavy D, Lauryn Hill, Ice-T, Wyclef Jean, Ras Kass, KRS-One, L.V., Mack 10, Craig Mack, Method Man, Keith Murray, Nasir 'Nas' Jones, The Notorious B.I.G., Master P, Q-Tip, Raekwon, Redman, Senen Reyes, Busta Rhymes, RZA, DJ Scratch, Erick Sermon, Tupac Shakur, Adario Strange, Suave","United States","2021-09-01 00:00:00.000",1997,"R","89 min","Documentaries, Music & Musicals","The world and culture of rap song topics such as race, violence, police, family and sex are examined by hip-hop performers from both coasts."
"s173","Movie","School of Rock","Richard Linklater","Jack Black, Joan Cusack, Mike White, Sarah Silverman, Lee Wilkof, Kate McGregor-Stewart, Adam Pascal, Suzzanne Douglas, Miranda Cosgrove, Kevin Alexander Clark, Joey Gaydos Jr., Robert Tsai, Veronica Afflerbach, Jordan-Claire Green","United States, Germany","2021-09-01 00:00:00.000",2003,"PG-13","110 min","Comedies, Music & Musicals","Musician Dewey Finn gets a job as a fourth-grade substitute teacher, where he secretly begins teaching his students the finer points of rock 'n' roll."
"s175","Movie","Tears of the Sun","Antoine Fuqua","Bruce Willis, Monica Bellucci, Cole Hauser, Eamonn Walker, Johnny Messner, Nick Chinlund, Charles Ingram, Paul Francis, Chad Smith, Tom Skerritt, Malick Bowens, Awaovieyi Agie","United States","2021-09-01 00:00:00.000",2003,"R","121 min","Action & Adventure, Dramas","A Navy SEAL is sent to a war-torn African jungle to rescue a doctor, only to realize he must also save the refugees in the physician's care."
"s176","Movie","The Blue Lagoon","Randal Kleiser","Brooke Shields, Christopher Atkins, Leo McKern, William Daniels, Elva Josephson, Glenn Kohan, Alan Hopgood, Gus Mercurio","United States","2021-09-01 00:00:00.000",1980,"R","105 min","Dramas, Romantic Movies","Two shipwrecked children, stranded for years on a deserted island, fall in love as teenagers and attempt to forge a life in the isolated paradise."
"s177","Movie","The Golden Child","Michael Ritchie","Eddie Murphy, J.L. Reate, Charles Dance, Charlotte Lewis, Victor Wong, Randall Tex Cobb, James Hong, Shakti Chen, Tau Logo, Tiger Chung Lee","United States","2021-09-01 00:00:00.000",1986,"PG-13","94 min","Action & Adventure, Comedies","A fast-talking L.A. social worker goes through a series of traps and terrors to find a kidnapped Tibetan child with mystical powers."
"s178","Movie","The Guns of Navarone","J. Lee Thompson","Gregory Peck, David Niven, Anthony Quinn, Stanley Baker, Anthony Quayle, James Darren, Irene Papas, Gia Scala, James Robertson Justice, Richard Harris","United Kingdom, United States","2021-09-01 00:00:00.000",1961,"TV-14","156 min","Action & Adventure, Classic Movies","During World War II, British forces launch an attack designed to take out the massive Nazi cannons that guard a critical sea channel."
"s180","Movie","The Nutty Professor","Tom Shadyac","Eddie Murphy, Jada Pinkett Smith, James Coburn, Larry Miller, Dave Chappelle, John Ales, Patricia Wilson, Jamal Mixon","United States","2021-09-01 00:00:00.000",1996,"PG-13","95 min","Comedies, Romantic Movies","After being made fun of for his weight, a kind and brainy professor takes a dose of a revolutionary formula that changes more than just his appearance."
"s181","Movie","The Nutty Professor II: The Klumps","Peter Segal","Eddie Murphy, Janet Jackson, Larry Miller, John Ales, Richard Gant, Anna Maria Horsford, Melinda McGraw, Jamal Mixon, Gabriel Williams, Chris Elliott","Unknown Country","2021-09-01 00:00:00.000",2000,"PG-13","107 min","Comedies, Romantic Movies","After getting engaged, Sherman Klump prepares for his big day. But his sinister alter ego Buddy Love threatens to ruin his wedding and reputation."
"s184","Movie","In the Line of Fire","Wolfgang Petersen","Clint Eastwood, John Malkovich, Rene Russo, Dylan McDermott, Gary Cole, Fred Thompson, John Mahoney, Gregory Alan Williams, Jim Curley, Sally Hughes","United States","2021-08-31 00:00:00.000",1993,"R","129 min","Action & Adventure, Classic Movies","A twisted yet ingenious killer torments a veteran Secret Service agent who's haunted by his failure years ago to save President John F. Kennedy."
"s195","TV Show","Deadly Sins","Unknown Director","Frank Ramirez, Patricia Castañeda, Chela del Río, Patrick Delmas, María José Martínez, Robinson Díaz, Juan Ángel, Guillermo Olarte, Constanza Duque, Marcela Carvajal","Unknown Country","2021-08-27 00:00:00.000",2002,"TV-MA","1 Season","International TV Shows, Spanish-Language TV Shows, TV Dramas","A multimillionaire fakes his death and forces his relatives to live together in his mansion for one year to see who's worthy of inheriting his fortune."
"s202","Movie","Kucch To Hai","Anil V. Kumar, Anurag Basu","Tusshar Kapoor, Esha Deol, Natassha, Vrajesh Hirjee, Kusumit Sana, Rishi Kapoor, Moon Moon Sen, Johny Lever, Ashay Chitre, Jeetendra","India","2021-08-27 00:00:00.000",2003,"TV-14","136 min","Dramas, International Movies, Thrillers","A student tries to steal a test from a teacher's home, leaving him for dead after an accident. A string of murders may be the professor's revenge."
"s206","Movie","Kyo Kii... Main Jhuth Nahin Bolta","David Dhawan","Govinda, Sushmita Sen, Rambha, Anupam Kher, Satish Kaushik, Sharad Kapoor, Kiran Kumar, Mohnish Bahl","India","2021-08-27 00:00:00.000",2001,"TV-14","150 min","Comedies, International Movies, Sci-Fi & Fantasy","The life and career of a lawyer are thrown into chaos when his son's wish magically renders him incapable of telling a lie."
"s254","Movie","Bombay","Mani Ratnam","Arvind Swamy, Manisha Koirala, Nasser, Raja Krishnamoorthy","India","2021-08-18 00:00:00.000",1995,"TV-14","135 min","Dramas, International Movies, Romantic Movies","Years after they elope against their family’s wishes, a couple and their sons become caught in the throes of conflict in their city."
"s268","Movie","The Piano","Jane Campion","Holly Hunter, Harvey Keitel, Sam Neill, Anna Paquin, Kerry Walker, Genevieve Lemon, Tungia Baker, Ian Mune","New Zealand, Australia, France, United States","2021-08-15 00:00:00.000",1993,"R","121 min","Classic Movies, Dramas, Independent Movies","With her daughter and her beloved piano in tow, a mute Scottish woman arrives in New Zealand, where a gruff loner sets out to seduce her."
"s304","Movie","Esperando la carroza","Alejandro Doria","Luis Brandoni, China Zorrilla, Antonio Gasalla, Julio De Grazia, Betiana Blum, Monica Villa, Juan Manuel Tenuta, Andrea Tenuta, Cecilia Rossetto, Enrique Pinti","Argentina","2021-08-05 00:00:00.000",1985,"TV-MA","95 min","Comedies, Cult Movies, International Movies","Cora has three sons and a daughter and she´s almost 80. One day during a family reunion the big question comes up: who will be her heir?"
"s306","Movie","Tango Feroz","Marcelo Piñeyro","Fernán Mirás, Cecilia Dopazo, Imanol Arias, Héctor Alterio, Leonardo Sbaraglia, Federico D'Elía, David Masajnik, Cristina Banegas, Ernesto Alterio, Antonio Birabent","Argentina, Spain","2021-08-05 00:00:00.000",1993,"TV-MA","124 min","Classic Movies, Dramas, International Movies","One of the first rock stars in Argentina, Tango leads a full life during an era of social unrest – one of both glory and despair."
"s315","Movie","Heavy","James Mangold","Pruitt Taylor Vince, Shelley Winters, Liv Tyler, Debbie Harry, Evan Dando, Joe Grifasi, David Patrick Kelly, Marian Quinn","United States","2021-08-03 00:00:00.000",1995,"R","104 min","Dramas, Independent Movies, Romantic Movies","Overweight Victor hides from the world making pizzas in his mother's gloomy dive until a new waitress blows in and disrupts his isolation."
"s326","Movie","Beethoven","Brian Levant","Charles Grodin, Bonnie Hunt, Dean Jones, Oliver Platt, Stanley Tucci, Nicholle Tom, Christopher Castile, Sarah Rose Karr, David Duchovny, Patricia Heaton, O-Lan Jones, Nancy Fish","United States","2021-08-01 00:00:00.000",1992,"PG","87 min","Children & Family Movies, Comedies","A father reluctantly agrees to let his children keep a St. Bernard puppy, but the playful pooch soon turns into a full-grown engine of destruction."
"s327","Movie","Beethoven's 2nd","Rod Daniel","Charles Grodin, Bonnie Hunt, Nicholle Tom, Christopher Castile, Sarah Rose Karr, Debi Mazar, Chris Penn","United States","2021-08-01 00:00:00.000",1993,"PG","88 min","Children & Family Movies, Comedies","After St. Bernard Beethoven sires a brood with Missy, he and the Newton kids must intervene when Missy's owner tries to sell the puppies."
"s330","Movie","Catch Me If You Can","Steven Spielberg","Leonardo DiCaprio, Tom Hanks, Christopher Walken, Martin Sheen, Nathalie Baye, Amy Adams, James Brolin, Brian Howe, Frank John Hughes, Steve Eastin","United States, Canada","2021-08-01 00:00:00.000",2002,"PG-13","142 min","Dramas","An FBI agent makes it his mission to put cunning con man Frank Abagnale Jr. behind bars. But Frank not only eludes capture, he revels in the pursuit."
"s333","Movie","Deep Blue Sea","Renny Harlin","Thomas Jane, Saffron Burrows, Samuel L. Jackson, Jacqueline McKenzie, Michael Rapaport, Stellan Skarsgård, LL Cool J, Aida Turturro, Cristos, Daniel Rey","United States, Mexico","2021-08-01 00:00:00.000",1999,"R","105 min","Action & Adventure, Horror Movies, Sci-Fi & Fantasy","Scientists conduct research on sharks in search of an Alzheimer's cure. But a dangerous shortcut leads to huge sharks with near-human intelligence."
"s334","Movie","Ferris Bueller's Day Off","John Hughes","Matthew Broderick, Alan Ruck, Mia Sara, Jeffrey Jones, Jennifer Grey, Cindy Pickett, Lyman Ward, Edie McClurg, Charlie Sheen, Kristy Swanson, Ben Stein, Del Close","United States","2021-08-01 00:00:00.000",1986,"PG-13","103 min","Classic Movies, Comedies, Cult Movies","After faking an illness to skip school, popular teen Ferris Bueller enjoys a fun-filled day in Chicago with his girlfriend and his uptight best friend."
"s342","Movie","Magnolia","Paul Thomas Anderson","John C. Reilly, Philip Baker Hall, Tom Cruise, Julianne Moore, Philip Seymour Hoffman, William H. Macy, Jeremy Blackman, Jason Robards, Melinda Dillon, April Grace, Luis Guzmán, Ricky Jay, Alfred Molina, Michael Murphy, Melora Walters","United States","2021-08-01 00:00:00.000",1999,"R","189 min","Dramas, Independent Movies","Through chance, history and divine intervention, a cast of eclectic characters weaves and warps through each other's lives on a random day in California."
"s343","Movie","Major Payne","Nick Castle","Damon Wayans, Karyn Parsons, William Hickey, Michael Ironside, Albert Hall, Ross Bickell, Orlando Brown, Peyton Chesson-Fohl, Steven Martini","United States","2021-08-01 00:00:00.000",1995,"PG-13","97 min","Comedies","A hardened Marine is given his marching orders and must now lead a disorderly group of mismatched cadets into a junior ROTC competition."
"s344","Movie","My Girl","Howard Zieff","Dan Aykroyd, Jamie Lee Curtis, Macaulay Culkin, Anna Chlumsky, Richard Masur, Griffin Dunne, Ann Nelson, Peter Michael Goetz, Jane Hallaren, Anthony R. Jones","United States","2021-08-01 00:00:00.000",1991,"PG-13","102 min","Dramas","This coming-of-age charmer follows a summer in the life of an 11-year-old girl who learns about love and loss as she grapples with profound changes."
"s345","Movie","My Girl 2","Howard Zieff","Anna Chlumsky, Austin O'Brien, Dan Aykroyd, Jamie Lee Curtis, Richard Masur, Christine Ebersole, Angeline Ball","United States","2021-08-01 00:00:00.000",1994,"PG","99 min","Children & Family Movies, Comedies, Dramas","A teen makes surprising discoveries when she talks to her dead mother's high school friends for an essay about someone she admires but has never met."
"s350","Movie","Seabiscuit","Gary Ross","Tobey Maguire, Jeff Bridges, Chris Cooper, Elizabeth Banks, Gary Stevens, William H. Macy, David McCullough, Kingston DuCoeur, Eddie Jones, Ed Lauter, Michael O'Neill, Michael Angarano, Royce D. Applegate, Annie Corley, Valerie Mahaffey","United States","2021-08-01 00:00:00.000",2003,"PG-13","141 min","Dramas, Sports Movies","An ungainly-looking colt becomes a winning thoroughbred in this Depression-era drama based on the true story of champion racehorse Seabiscuit."
"s351","Movie","Space Cowboys","Clint Eastwood","Clint Eastwood, Tommy Lee Jones, Donald Sutherland, James Garner, James Cromwell, Marcia Gay Harden, William Devane, Loren Dean, Courtney B. Vance, Rade Serbedzija, Barbara Babcock, Blair Brown","United States","2021-08-01 00:00:00.000",2000,"PG-13","130 min","Action & Adventure, Dramas, Sci-Fi & Fantasy","A retired engineer agrees to help NASA prevent a Russian satellite from falling to Earth if he and his over-the-hill pals can man the mission."
"s355","Movie","The Last Boy Scout","Tony Scott","Bruce Willis, Damon Wayans, Chelsea Field, Noble Willingham, Taylor Negron, Danielle Harris, Halle Berry, Bruce McGill","United States","2021-08-01 00:00:00.000",1991,"R","105 min","Action & Adventure, Comedies","Private eye Joe Hallenbeck is forced to team up with a disgraced quarterback to uncover a conspiracy by a politician and a football team owner."
"s359","Movie","The Net","Irwin Winkler","Sandra Bullock, Jeremy Northam, Dennis Miller, Diane Baker, Wendy Gazelle, Ken Howard, Ray McKinnon, Daniel Schorr, L. Scott Caldwell, Robert Gossett","United States","2021-08-01 00:00:00.000",1995,"PG-13","114 min","Thrillers","A computer analyst becomes a target after she stumbles onto a conspiracy via a mysterious floppy disk, forcing her to go on the run to clear her name."
"s360","Movie","The Original Kings of Comedy","Spike Lee","Steve Harvey, D.L. Hughley, Cedric the Entertainer, Bernie Mac","United States","2021-08-01 00:00:00.000",2000,"R","111 min","Stand-Up Comedy","Comedians Steve Harvey, Cedric the Entertainer, D.L. Hughley and Bernie Mac hit the stage in an iconic stand-up concert directed by Spike Lee."
"s444","Movie","La ley de Herodes","Luis Estrada","Damián Alcázar, Pedro Armendáriz Jr., Delia Casanova, Juan Carlos Colombo, Alex Cox, Guillermo Gil, Ernesto Gómez Cruz, Leticia Huijara, Luis de Icaza, Eduardo López Rojas, Manuel Ojeda, Salvador Sánchez, Evangelina Sosa, Isela Vega","Unknown Country","2021-07-16 00:00:00.000",1999,"R","123 min","Comedies, International Movies","Following the brutal 1949 murder of a small Mexican town's mayor, genteel and humble janitor Juan Vargas is appointed his successor."
"s455","Movie","Cheech & Chong's Still Smokin","Tommy Chong","Cheech Marin, Tommy Chong, Susan Hahn, Carol van Herwijnen, Shireen Strooker","Unknown Country","2021-07-15 00:00:00.000",1983,"TV-MA","91 min","Comedies, Cult Movies","Stoner comedians Cheech Marin and Tommy Chong arrive in Amsterdam to find they've been mistakenly invited, then take the stage live as a replacement act."
"s530","Movie","Return of the Prodigal Son","Youssef Chahine","Majida El Roumi, Souheir El Morshidy, Shoukry Sarhan, Huda Sultan, Mahmoud El Meleigy, Ahmad Mehrez, Hesham Selim","Egypt","2021-07-06 00:00:00.000",1976,"TV-MA","124 min","Dramas, International Movies","Freed after spending 12 years in jail, a man's homecoming turns into a dark affair as his disillusion clashes with his family's expectations."
"s543","Movie","Ujala","Naresh Saigal","Mala Sinha, Shammi Kapoor, Raaj Kumar, Leela Chitnis, Dhumal, Kumkum","India","2021-07-06 00:00:00.000",1959,"TV-14","143 min","Dramas, International Movies","An honest man dreams of a better life for his family, but a childhood friend leads him into a world of crime that keeps happiness just out of reach."
"s560","Movie","Air Force One","Wolfgang Petersen","Harrison Ford, Gary Oldman, Glenn Close, Wendy Crewson, Paul Guilfoyle, William H. Macy, Liesel Matthews, Dean Stockwell, Xander Berkeley, Bill Smitrovich, Elya Baskin, David Vadim, Tom Everett, Spencer Garrett, Philip Baker Hall","United States, Germany","2021-07-01 00:00:00.000",1997,"R","125 min","Action & Adventure","When terrorists hijack Air Force One with the president and his family on board, the commander-in-chief takes matters into his own well-trained hands."
"s562","Movie","Austin Powers in Goldmember","Jay Roach","Mike Myers, Beyoncé Knowles-Carter, Seth Green, Michael York, Robert Wagner, Mindy Sterling, Verne Troyer, Michael Caine, Fred Savage","United States","2021-07-01 00:00:00.000",2002,"PG-13","94 min","Action & Adventure, Comedies","The world's most shagadelic spy continues his fight against the diabolical Dr. Evil, who's teamed with a new foe: 1970s villain Goldmember."
"s563","Movie","Austin Powers: International Man of Mystery","Jay Roach","Mike Myers, Elizabeth Hurley, Michael York, Mimi Rogers, Robert Wagner, Seth Green, Fabiana Udenio, Mindy Sterling, Paul Dillon, Charles Napier, Will Ferrell","United States","2021-07-01 00:00:00.000",1997,"PG-13","90 min","Comedies","A swingin' fashion photographer by day and a groovy British secret agent by night, superspy Austin Powers must foil the sinister schemes of Dr. Evil."
"s564","Movie","Austin Powers: The Spy Who Shagged Me","Jay Roach","Mike Myers, Heather Graham, Michael York, Robert Wagner, Rob Lowe, Seth Green, Mindy Sterling, Verne Troyer, Elizabeth Hurley, Will Ferrell","United States","2021-07-01 00:00:00.000",1999,"PG-13","95 min","Action & Adventure, Comedies, Sci-Fi & Fantasy","When diabolical genius Dr. Evil travels back in time to steal superspy Austin Powers's ""mojo,"" Austin must return to the swingin' '60s himself."
"s565","Movie","Boogie Nights","Paul Thomas Anderson","Mark Wahlberg, Burt Reynolds, Julianne Moore, Heather Graham, William H. Macy, Don Cheadle, Philip Seymour Hoffman, Luis Guzmán, John C. Reilly, Philip Baker Hall","United States","2021-07-01 00:00:00.000",1997,"R","155 min","Comedies, Dramas, Independent Movies","A well-endowed busboy is taken in by a tight-knit group of 1970s porn actors and transforms himself into skin flick celebrity Dirk Diggler."
"s567","Movie","Charlie's Angels","McG","Cameron Diaz, Drew Barrymore, Lucy Liu, Bill Murray, Sam Rockwell, Kelly Lynch, Tim Curry, Crispin Glover, Matt LeBlanc, LL Cool J, Tom Green, Luke Wilson","United States, Germany","2021-07-01 00:00:00.000",2000,"PG-13","98 min","Action & Adventure, Comedies","A tight-knit trio of specially trained agents wield weapons — and charm — as they track down stolen software in this reboot of the classic TV series."
"s568","Movie","Congo","Frank Marshall","Dylan Walsh, Laura Linney, Ernie Hudson, Tim Curry, Joe Don Baker, Grant Heslov, Adewale Akinnuoye-Agbaje, Mary Ellen Trainor","United States","2021-07-01 00:00:00.000",1995,"PG-13","108 min","Action & Adventure, Thrillers","Eight people, some with ulterior motives, go on an expedition to the Congo, where they find a lost city protected by killer apes."
"s569","Movie","Dennis the Menace","Nick Castle","Walter Matthau, Mason Gamble, Joan Plowright, Christopher Lloyd, Lea Thompson, Robert Stanton, Paul Winfield","United States","2021-07-01 00:00:00.000",1993,"PG","96 min","Children & Family Movies, Comedies","The bane of George's life is a little boy named Dennis. But when a cunning thief attempts to rob George, Dennis may be the only one who can stop him."
"s580","Movie","Midnight Run","Martin Brest","Robert De Niro, Charles Grodin, Yaphet Kotto, John Ashton, Dennis Farina, Joe Pantoliano, Richard Foronjy, Robert Miranda, Jack Kehoe, Wendy Phillips, Philip Baker Hall","United States","2021-07-01 00:00:00.000",1988,"R","126 min","Action & Adventure, Classic Movies, Comedies","A cop-turned-bounty hunter runs into trouble as he races from New York to Los Angeles with a fugitive accountant who embezzled millions from the mob."
"s582","Movie","Mortal Kombat","Paul W.S. Anderson","Christophe Lambert, Robin Shou, Linden Ashby, Cary-Hiroyuki Tagawa, Bridgette Wilson-Sampras, Talisa Soto, Trevor Goddard, Chris Casamassa, François Petit, Keith Cooke","United States","2021-07-01 00:00:00.000",1995,"PG-13","101 min","Action & Adventure, Sci-Fi & Fantasy","Three fighters travel to the mystical realm of Outworld to test their might in a tournament against an evil demon with plans to take over the world."
"s585","Movie","Not Another Teen Movie","Joel Gallen","Chyler Leigh, Chris Evans, Jaime Pressly, Eric Christian Olsen, Mia Kirshner, Deon Richmond, Eric Jungmann, Ron Lester, Cody McMains, Sam Huntington, Lacey Chabert, JoAnna Garcia Swisher, Samm Levine, Cerina Vincent","United States","2021-07-01 00:00:00.000",2001,"R","89 min","Comedies","On a bet, a gridiron hero at John Hughes High School sets out to turn a bespectacled artist into a prom queen in this outrageous parody."
"s587","Movie","Pet Sematary 2","Mary Lambert","Edward Furlong, Anthony Edwards, Clancy Brown, Jared Rushton, Darlanne Fluegel, Jason McGuire, Sarah Trigger, Lisa Waltz, Jim Peck, Len Hunt","Unknown Country","2021-07-01 00:00:00.000",1992,"R","101 min","Horror Movies","When Chase and his son, Jeff, move to a different town, Jeff befriends an outcast named Drew, and the two discover a strange Indian burial ground."
"s594","Movie","Snow Day","Chris Koch","Chris Elliott, Mark Webber, Jean Smart, Schuyler Fisk, Iggy Pop, Pam Grier, John Schneider, Chevy Chase, Zena Grey, Josh Peck","United States","2021-07-01 00:00:00.000",2000,"PG","89 min","Children & Family Movies, Comedies","When a snow day shuts down the whole town, the Wheeler family cuts loose. Hal makes a play for the most popular girl in his school, 10-year-old Natalie takes on the dreaded snowplow man, and Dad gets into a showdown with a rival meteorologist."
"s596","Movie","Stuart Little","Rob Minkoff","Michael J. Fox, Jonathan Lipnicki, Geena Davis, Hugh Laurie, Nathan Lane","Germany, United States","2021-07-01 00:00:00.000",1999,"PG","85 min","Children & Family Movies, Comedies","When his parents adopt a mouse instead of a little boy, George realizes brothers come in all shapes and sizes. But Snowbell the cat is not so welcoming."
"s601","Movie","The Game","David Fincher","Michael Douglas, Sean Penn, Deborah Kara Unger, James Rebhorn, Peter Donat, Carroll Baker, Anna Katarina, Armin Mueller-Stahl","United States","2021-07-01 00:00:00.000",1997,"R","129 min","Thrillers","An aloof investment banker's life spirals into peril and paranoia after his brother gives him an odd birthday gift: the chance to play a mysterious game."
"s602","Movie","The Karate Kid","John G. Avildsen","Ralph Macchio, Pat Morita, Elisabeth Shue, Martin Kove, Randee Heller, William Zabka, Ron Thomas, Rob Garrison","United States","2021-07-01 00:00:00.000",1984,"PG","127 min","Action & Adventure, Children & Family Movies, Classic Movies","When a bullied teen befriends an unassuming martial arts master, he’ll learn life lessons — and the right moves — to beat back his merciless rivals."
"s603","Movie","The Karate Kid Part II","John G. Avildsen","Ralph Macchio, Pat Morita, Nobu McCarthy, Tamlyn Tomita, Yuji Okumoto, Joey Miyashima, Marc Hayashi, Danny Kamekona, Tony O'Dell, Martin Kove, William Zabka","United States","2021-07-01 00:00:00.000",1986,"PG","113 min","Action & Adventure, Children & Family Movies, Dramas","Daniel and his martial-arts mentor, Mr. Miyagi, visit Okinawa where they battle a hostile new nemesis and a former foe looking to settle an old score."
"s604","Movie","The Karate Kid Part III","John G. Avildsen","Ralph Macchio, Pat Morita, Robyn Lively, Thomas Ian Griffith, Martin Kove, Sean Kanan, Jonathan Avildsen, Randee Heller, William Christopher Ford","United States","2021-07-01 00:00:00.000",1989,"PG","112 min","Children & Family Movies, Dramas","A returning adversary threatens the bond between karate champ Daniel and mentor Mr. Miyagi with an intricate plan for revenge and a brutal challenger."
"s605","Movie","The Life of David Gale","Alan Parker","Kevin Spacey, Kate Winslet, Laura Linney, Gabriel Mann, Leon Rippy, Matt Craven, Rhona Mitra, Melissa McCarthy, Jim Beaver, Chris Warner","United Kingdom, Germany, Spain, United States","2021-07-01 00:00:00.000",2003,"R","130 min","Dramas","When a Texas professor and advocate for the elimination of the death penalty is falsely accused of a crime, he ends up on death row himself."
"s606","Movie","The Long Riders","Walter Hill","David Carradine, Keith Carradine, Robert Carradine, James Keach, Stacy Keach, Dennis Quaid, Randy Quaid, Kevin Brophy, Harry Carey Jr., Christopher Guest, Nicholas Guest, Shelby Leverington, Felice Orlandi, Pamela Reed, James Remar, Fran Ryan, Savannah Smith Boucher, Amy Stryker, James Whitmore Jr.","United States","2021-07-01 00:00:00.000",1980,"R","100 min","Action & Adventure","This Western chronicles the misadventures and demise of the James-Younger gang, 19th-century outlaws who tore through Missouri on a crime spree."
"s609","Movie","The Sum of All Fears","Phil Alden Robinson","Ben Affleck, Morgan Freeman, Bridget Moynahan, James Cromwell, Liev Schreiber, Michael Byrne, Colm Feore, Alan Bates, Ron Rifkin, Ciarán Hinds, Bruce McGill, Richard Marner, Philip Baker Hall","United States, Germany, Canada","2021-07-01 00:00:00.000",2002,"PG-13","124 min","Action & Adventure","CIA agent Jack Ryan tries to discover why three missing Russian nuclear scientists are holed up in the Ukraine, communicating with neo-Nazis."
"s611","Movie","Underworld","Len Wiseman","Kate Beckinsale, Scott Speedman, Michael Sheen, Shane Brolly, Bill Nighy, Erwin Leder, Sophia Myles, Robbie Gee, Wentworth Miller, Kevin Grevioux","United States, United Kingdom, Germany, Hungary","2021-07-01 00:00:00.000",2003,"R","121 min","Action & Adventure, Horror Movies, Sci-Fi & Fantasy","A vampire warrior begins to question her mission in the ancient war between the undead and werewolves when she falls for a human under her protection."
"s615","Movie","What Dreams May Come","Vincent Ward","Robin Williams, Cuba Gooding Jr., Annabella Sciorra, Max von Sydow, Jessica Brooks Grant, Josh Paddock, Rosalind Chao, Lucinda Jenney, Maggie McCarthy, Wilma Bonet, Matt Salinger, Carin Sprague, June Carryl, Paul P. Card IV, Werner Herzog","United States, New Zealand","2021-07-01 00:00:00.000",1998,"PG-13","114 min","Dramas, Romantic Movies, Sci-Fi & Fantasy","A physician finds himself in heaven after an accident, inhabiting the landscape of his wife's paintings while seeking to rescue her from the underworld."
"s616","Movie","Why Do Fools Fall in Love","Gregory Nava","Halle Berry, Vivica A. Fox, Larenz Tate, Lela Rochon, Little Richard, Paul Mazursky, Pamela Reed, Alexis Cruz","United States","2021-07-01 00:00:00.000",1998,"R","116 min","Dramas, Music & Musicals, Romantic Movies","In this rock 'n' roll comedy-drama, three women go to court over royalties from the one-hit-wonder singer they all loved — and whom they all married."
"s652","Movie","Osuofia in London","Kingsley Ogoro","Nkem Owoh, Mara Derwent, Francis Odega, Cynthia Okereke, Tom Njemanze, Romanus Amuta, Sabina Mole, Blessing Onolleka, Oluchi Agunwa, Chiwendu Onaga, Patricia Ezeani, Stephen Ahanonu","Nigeria","2021-06-22 00:00:00.000",2003,"TV-MA","84 min","Comedies, Dramas, International Movies","A villager in Nigeria becomes the sole beneficiary of his late brother's estate in England, which, according to custom, includes his brother's fiancée."
"s658","TV Show","The Mole","Unknown Director","Anderson Cooper","United States","2021-06-21 00:00:00.000",2001,"TV-14","2 Seasons","Reality TV, TV Action & Adventure, TV Mysteries","In this competition show, contestants try to earn $1 million for a pot that only one of them will win — while one player secretly sabotages them."
"s671","Movie","Mobile Suit Gundam II: Soldiers of Sorrow","Yoshiyuki Tomino, Yoshikazu Yasuhiko","Toru Furuya, Shuichi Ikeda, Hirotaka Suzuoki, Rumiko Ukai, Fuyumi Shiraishi, Yo Inoue, Toshio Furukawa, Kiyonobu Suzuki, Keiko Toda, Shozo Iizuka","Unknown Country","2021-06-19 00:00:00.000",1981,"TV-14","133 min","Action & Adventure, Anime Features, International Movies","The Earth Federation warship White Base and its Gundam pilot Amuro Ray struggle to make it back through enemy territory, pursued by Zeon's warriors."
"s672","Movie","Mobile Suit Gundam III: Encounters in Space","Yoshiyuki Tomino, Yoshikazu Yasuhiko","Toru Furuya, Shuichi Ikeda, Hirotaka Suzuoki, Rumiko Ukai, Fuyumi Shiraishi, Yo Inoue, Toshio Furukawa, Kiyonobu Suzuki, Keiko Toda, Keiko Han, Makio Inoue","Unknown Country","2021-06-19 00:00:00.000",1982,"TV-MA","140 min","Action & Adventure, Anime Features, International Movies","The Earth Federation prepares to take the war into the Duchy of Zeon's home territory. Veteran pilot Amuro Ray returns to space for the final battle."
"s673","Movie","Mobile Suit Gundam: Char's Counterattack","Yoshiyuki Tomino","Toru Furuya, Shuichi Ikeda, Hirotaka Suzuoki, Yoshiko Sakakibara, Fuyumi Shiraishi, Maria Kawamura, Mitsuki Yayoi, Nozomu Sasaki, Koichi Yamadera, Kazue Ikura, Shinobu Adachi, Keiko Han","Unknown Country","2021-06-19 00:00:00.000",1988,"TV-14","120 min","Action & Adventure, Anime Features, International Movies","Thirteen years after the war, the Neo Zeon army threatens the peace. Armed with the Nu Gundam, Amuro Ray and Federation forces take the field once more."
"s690","Movie","Mobile Suit Gundam I","Yoshiyuki Tomino, Yoshikazu Yasuhiko","Toru Furuya, Shuichi Ikeda, Hirotaka Suzuoki, Rumiko Ukai, Fuyumi Shiraishi, Yo Inoue, Toshio Furukawa, Kiyonobu Suzuki, Keiko Toda, Shozo Iizuka","Unknown Country","2021-06-18 00:00:00.000",1981,"TV-14","139 min","Action & Adventure, Anime Features, Classic Movies","The Earth Federation's last hope in its fight against the Principality of Zeon is the prototype mobile suit Gundam, piloted by civilian Amur Ray."
"s717","Movie","FTA","Francine Parker","Jane Fonda, Donald Sutherland, Pamela Donegan, Len Chandler, Michael Alaimo, Holly Near, Paul Mooney, Rita Martinson","United States","2021-06-15 00:00:00.000",1972,"TV-MA","104 min","Documentaries","The restored documentary captures the Pacific leg of the 1971 anti-Vietnam War ""Free the Army"" comedy tour and experiences on both sides of the stage."
